model_id,model,mean_per_class_error,logloss,rmse,mse
1,GBM_grid__1_AutoML_20200419_000459_model_11,0.1538462,3.057785,0.7551169,0.5702015
2,GBM_grid__1_AutoML_20200419_000459_model_17,0.1538462,2.600758,0.7426484,0.5515267
3,GBM_grid__1_AutoML_20200419_000459_model_14,0.1538462,2.953171,0.7547937,0.5697135
4,GBM_grid__1_AutoML_20200419_000459_model_19,0.1666667,2.915022,0.8000938,0.64015
5,GBM_grid__1_AutoML_20200419_000459_model_3,0.1820513,15.40089,0.846599,0.7167299
6,DeepLearning_grid__2_AutoML_20200419_000459_model_6,0.1846154,6.973854,0.8723805,0.7610478
